{"cameraMode":{"drawMode":0,"name":"Shaded","section":"Shading Mode"},"sceneLighting":false,"audioPlay":false,"sceneViewState":{"m_AlwaysRefresh":false,"showFog":true,"showSkybox":false,"showFlares":true,"showImageEffects":true,"showParticleSystems":true,"showVisualEffectGraphs":true,"m_FxEnabled":true},"in2DMode":false,"pivot":{"x":-2.480980157852173,"y":0.9065463542938232,"z":5.572085857391357},"rotation":{"x":0.007103537674993277,"y":0.15088699758052827,"z":0.0011114003136754037,"w":-0.9885461330413818},"size":2.418712854385376,"orthographic":false}